age,area,atmDistance,balconies,childrenPlayArea,clubHouse,garden,gym,hospitalDistance,joggingTrack,lift,powerBackup,price,restrauntDistance,schoolDistance,security,shoppingDistance,sportsFacility,status,swimmingPool
1,2800,0.3920132898626121,1,0,0,0,0,0.27261656334468903,0,0,0,9200000,0.6482663705630193,0.21681209041000385,0,0.5554100675763941,0,1,0
0,1500,0.3401266228668201,1,0,0,0,0,0.5564459135698088,0,0,0,4250000,0.5961465620725113,0.23923282782932456,0,0.38977896864144623,0,0,0
0,1500,0,1,0,0,0,0,0,0,0,0,4250000,0,0,0,0,0,0,0
0,1500,0,1,0,0,0,0,0,0,0,0,4500000,0,0,0,0,0,0,0
0,1500,0,1,0,0,0,0,0,0,0,0,4250000,0,0,0,0,0,0,0
12,1790,0.8322509386521059,3,0,0,0,0,0.8808923888510553,0,0,0,11500000,0.8170990434093419,0.7504666456571942,0,0.766552625892959,0,1,0
0,1500,0,1,0,0,0,0,0,0,0,0,4250000,0,0,0,0,0,0,0
0,1500,0,0,0,0,0,0,0,0,0,0,4500000,0,0,0,0,0,0,0
13,1375,0.6333882888144454,4,1,1,0,1,0.6525853143083391,0,1,1,6500000,0.6575630451660663,0.636075043541996,1,0.6116586611639849,0,1,0
0,3100,0,2,0,0,0,0,0,0,0,0,8000000,0,0,0,0,0,0,0
0,1500,0,1,0,0,0,0,0.16620083086467302,0,0,0,4500000,0,0.18453604413197966,0,0,0,0,0
0,2178,0.23235741313557076,0,0,0,0,0,0.26027527834574504,0,0,0,2500000,0.23929460442971945,0.24760754216397085,0,0.21205734280688868,0,2,0
0,20000,0,0,0,0,0,0,0.25451903908974954,0,0,0,150000000,0,0.2932701081629503,0,0.462803333376918,0,2,0
20,1900,0.2996109584833156,0,0,0,0,0,0.3119734034801127,0,0,0,9500000,0.3177899632887862,0.3574989275705123,0,0.34059337719952465,0,1,0
0,1500,0,1,0,0,0,0,0,0,0,0,3130000,0,0,0,0,0,0,0
0,1500,0,1,0,0,0,0,0,0,0,0,3800000,0,0,0,0,0,0,0
6,1600,0.3181339787179751,0,0,0,0,1,0.33507885086877126,0,0,0,9500000,0.2917885563552003,0.32025735615476325,0,0.2544713951434431,0,1,0
0,9950,0.364866328654614,0,0,0,0,0,0.32962861183555825,0,0,0,26250000,0.3495967674958058,0.41931961592230027,0,0.35115093864735264,0,2,0
0,2454,0.7563655670396889,2,0,0,0,0,0.7681189124067137,0,0,0,23500000,0.7762000732477056,0.7509888508572748,0,0.6837599786667131,0,1,0
0,1500,0,1,0,0,0,0,0,0,0,0,4250000,0,0,0,0,0,0,0
0,1250,0,1,0,0,0,0,0,0,0,0,3300000,0,0,0,0,0,0,0
0,2000,0,1,0,0,0,0,0.16620083086467302,0,0,0,6000000,0,0.18453604413197966,0,0,0,0,0
0,2060,0.3020541112525854,0,0,0,0,0,0.3005224352021214,0,0,0,5800000,0.2904190635024688,0.2721430705236056,0,0.2871332867361035,0,1,0
2,2019,0.7245346150338393,3,1,1,0,1,0.7168101296497268,0,1,1,15000000,0.7267413666662766,0.7605952850698855,1,0.7201381128861981,0,1,1
0,1500,0,1,0,0,0,0,0.16620083086467302,0,0,0,3800000,0,0.18453604413197966,0,0,0,0,0
0,1650,0,1,0,0,0,0,0,0,0,0,6100000,0,0,0,0,0,0,0
0,1550,0,1,0,0,0,0,0,0,0,0,5219000,0,0,0,0,0,0,0
0,1500,0,1,0,0,0,0,0,0,0,0,3800000,0,0,0,0,0,0,0
0,1250,0,1,0,0,0,0,0,0,0,0,3750000,0,0,0,0,0,0,0
0,1650,0,1,0,0,0,0,0,0,0,0,5390000,0,0,0,0,0,0,0
0,1500,0,1,0,0,0,0,0,0,0,0,4250000,0,0,0,0,0,0,0
0,1250,0,1,0,0,0,0,0,0,0,0,3300000,0,0,0,0,0,0,0
0,1250,0,1,0,0,0,0,0,0,0,0,3300000,0,0,0,0,0,0,0
0,1500,0.7572015646943849,0,0,0,0,0,0.726904212410977,0,0,0,4000000,0.7213027397269035,0.8722769130420163,0,0.7389827837123953,0,0,0
0,1500,0,1,0,0,0,0,0.15621909551751478,0,0,0,3900000,0,0.17266671339573184,0,0,0,0,0
0,1400,0.34997669734442616,1,0,0,0,0,0.35579729389228915,0,0,0,7500000,0.3706576328162842,0.38167837063157417,0,0.30968306386003985,0,0,0
0,1600,0.3868874170257759,2,0,0,1,1,0.2919965895648173,0,0,1,6400000,0.2222095244157306,0.2741047516599057,1,0.2111966423678332,0,0,0
0,1250,0,1,0,0,0,0,0,0,0,0,3300000,0,0,0,0,0,0,0
11,1825,0.5944894656286942,2,1,1,0,1,0.6264547981462547,0,0,0,9900000,0.5968368261690662,0.6697501131438767,1,0.599767641122383,0,1,1
0,1500,0,1,0,0,0,0,0,0,0,0,4750000,0,0,0,0,0,0,0
0,1500,0,1,0,0,0,0,0,0,0,0,4250000,0,0,0,0,0,0,0
0,1300,0.2939350719481758,1,0,0,0,0,0.3177038540233048,0,0,0,6500000,0.2829481959379343,0.31645652525904294,0,0.2785449977625244,0,0,0
0,1500,0,1,0,0,0,0,0,0,0,0,4750000,0,0,0,0,0,0,0
0,1500,0,1,0,0,0,0,0,0,0,0,4250000,0,0,0,0,0,0,0
0,1500,0.3401266228668201,1,0,0,0,0,0.5564459135698088,0,0,0,4500000,0.5961465620725113,0.23923282782932456,0,0.38977896864144623,0,0,0
2,1500,0,1,0,0,0,0,0,0,0,0,3381000,0,0,0,0,0,1,0
0,2500,0,0,0,0,0,0,0,0,0,0,9900000,0,0,0,0,0,0,0
0,1250,0,1,0,0,0,0,0,0,0,0,4050000,0,0,0,0,0,0,0
0,1500,0,1,0,0,0,0,0,0,0,0,4250000,0,0,0,0,0,0,0
0,1650,0,1,0,0,0,0,0,0,0,0,6100000,0,0,0,0,0,0,0
0,1500,0,1,0,0,0,0,0,0,0,0,3550000,0,0,0,0,0,0,0
0,1500,0,1,0,0,0,0,0,0,0,0,3800000,0,0,0,0,0,0,0
0,3484,0.24662528620527316,0,0,0,0,0,0.28113318706568236,0,0,0,2640000,0.24780725211877994,0.23624613542374162,0,0.23033583516674946,0,2,0
0,5227,0.6325330255897412,0,0,0,0,0,0.7039972429754209,0,0,0,13500000,0.6715759037022427,0.6571938706433441,0,0.7065835676806397,0,2,0
0,1500,0,1,0,0,0,0,0,0,0,0,3550000,0,0,0,0,0,0,0
0,1500,0,1,0,0,0,0,0,0,0,0,4250000,0,0,0,0,0,0,0
0,1500,0.8782551743169534,1,0,0,0,0,0.23284148114223718,0,0,0,4250000,0.5151961519359208,0.3163184023281781,0,0.4973647713029686,0,0,0
0,9540,0.34807252213500706,0,0,0,0,0,0.34061635006965135,0,0,0,21600000,0.35071576928798626,0.3418355814932292,0,0.30714333675707217,0,2,0
0,1500,0,1,0,0,0,0,0,0,0,0,3550000,0,0,0,0,0,0,0
0,1500,0,0,0,0,0,0,0,0,0,0,4500000,0,0,0,0,0,0,0
2,1500,0,1,0,0,0,0,0,0,0,0,3381000,0,0,0,0,0,1,0
0,1500,0.3401266228668201,1,0,0,0,0,0.5564459135698088,0,0,0,3550000,0.5961465620725113,0.23923282782932456,0,0.38977896864144623,0,0,0
0,1650,0,1,0,0,0,0,0,0,0,0,6100000,0,0,0,0,0,0,0
0,1500,0,1,0,0,0,0,0.16620083086467302,0,0,0,3800000,0,0.18453604413197966,0,0,0,0,0
1,15696,0.44889215690074336,0,0,0,0,0,0.4919785418587375,0,0,0,16800000,0.48179634429166146,0.4731649720330903,0,0.4669836916128007,0,1,0
5,1550,0.2939350719481758,0,0,0,0,0,0.3177038540233048,0,0,0,6200000,0.2829481959379343,0.31645652525904294,0,0.2785449977625244,0,1,0
0,1500,0.3401266228668201,1,0,0,0,0,0.5564459135698088,0,0,0,3550000,0.5961465620725113,0.23923282782932456,0,0.38977896864144623,0,0,0
0,2100,0.26836514184692745,1,0,0,0,0,0.2669432450005216,0,0,0,7600000,0.2963895386819396,0.25081875181869545,0,0.25667542252953907,0,0,0
1,2998,0.3920132898626121,0,0,0,0,0,0.27261656334468903,0,0,0,9000000,0.6482663705630193,0.21681209041000385,0,0.5554100675763941,0,1,0
0,1500,0,1,0,0,0,0,0,0,0,0,3800000,0,0,0,0,0,0,0
2,1500,0,1,0,0,0,0,0,0,0,0,3695000,0,0,0,0,0,1,0
0,2100,0.26836514184692745,1,0,1,0,1,0.2669432450005216,0,0,0,8000000,0.2963895386819396,0.25081875181869545,0,0.25667542252953907,0,0,0
0,1500,0.3401266228668201,0,0,0,0,0,0.5564459135698088,0,0,0,3550000,0.5961465620725113,0.23923282782932456,0,0.38977896864144623,0,0,0
2,3600,0.34997669734442616,1,0,0,0,0,0.35579729389228915,0,0,0,7500000,0.3706576328162842,0.38167837063157417,0,0.30968306386003985,0,1,0
0,2100,0.722318816640225,1,0,0,0,0,0.6759544249247429,0,0,0,8000000,0.728412236051722,0.7159551477696197,0,0.7545290675979964,0,0,0
0,600,0.6349437729461704,0,0,0,0,0,0.6416964455714815,0,0,0,2500000,0.6875768739834989,0.6794892787111977,0,0.6139146187291288,0,2,0
0,1005,2.6918213863425984,0,1,0,0,0,0.38375232373258106,0,1,1,3800000,3.0919075619106358,0.31243975213665526,0,0.5982123498609023,1,1,0
0,1500,0,0,0,0,0,0,0,0,0,0,3130000,0,0,0,0,0,0,0
0,3100,0,2,0,0,0,0,0,0,0,0,8000000,0,0,0,0,0,0,0
0,500,0.7516996933855797,0,0,0,0,0,0.7692472768431442,0,0,0,2600000,0.7756312996275159,0.7615052628832601,0,0.6862526915481635,0,1,0
0,1500,0.3401266228668201,1,0,0,0,0,0.5564459135698088,0,0,0,4500000,0.5961465620725113,0.23923282782932456,0,0.38977896864144623,0,0,0
0,1500,0,1,0,0,0,0,0,0,0,0,4500000,0,0,0,0,0,0,0
0,1250,0,1,0,0,0,0,0,0,0,0,3300000,0,0,0,0,0,0,0
0,1300,0.27836013739964527,1,0,0,0,0,0.27660740057447863,0,0,0,5000000,0.2538062306357191,0.2540151590555305,0,0.27563071353684115,0,0,0
0,1500,0.24719443068600422,0,0,0,0,0,0.2506342313791225,0,0,0,3950000,0.26983596711484376,0.26534201064483287,0,0.23370552095342537,0,0,0
10,863,0.41434611875116284,0,0,1,0,1,0.4087601481871278,0,1,1,3500000,0.3826758719718246,0.4356181414898459,1,0.363307662894486,0,1,1
0,1550,0,1,0,0,0,0,0,0,0,0,5219000,0,0,0,0,0,0,0
0,1500,0,1,0,0,0,0,0,0,0,0,3900000,0,0,0,0,0,0,0
0,1500,0,1,0,0,0,0,0,0,0,0,3550000,0,0,0,0,0,0,0
0,1500,0,1,0,0,0,0,0,0,0,0,4250000,0,0,0,0,0,0,0
0,3100,0,2,0,0,0,0,0,0,0,0,8000000,0,0,0,0,0,0,0
0,1100,0.2405756769765137,1,0,0,0,0,0.24005729097077363,0,0,0,4700000,0.24747825593810457,0.2518170592726574,0,0.22842069107434307,0,0,0
0,1500,0,1,0,0,0,0,0,0,0,0,4750000,0,0,0,0,0,0,0
0,2100,0.289074006704174,1,0,1,0,1,0.2527858244836698,0,0,0,8000000,0.2822711481826336,0.2803155746092486,0,0.28318517936955817,0,0,0
0,1250,0,1,0,0,0,0,0.16620083086467302,0,0,0,4000000,0,0.18453604413197966,0,0,0,0,0
0,1250,0,1,0,0,0,0,0,0,0,0,4050000,0,0,0,0,0,0,0
0,1500,0,1,0,0,0,0,0,0,0,0,4250000,0,0,0,0,0,0,0
0,2100,0.2918940032856747,1,0,0,0,0,0.2675551764452874,0,0,0,7600000,0.2647136424100681,0.2906279936359043,0,0.23399839544534712,0,0,0
0,1500,0.3401266228668201,1,0,0,0,0,0.5564459135698088,0,0,0,3130000,0.5961465620725113,0.23923282782932456,0,0.38977896864144623,0,0,0
0,1500,0,1,0,0,0,0,0,0,0,0,3550000,0,0,0,0,0,0,0
8,2601,0.40835603681748006,2,0,0,0,0,0.37458257838159636,0,0,0,14000000,0.39316086066524053,0.38428382863895344,0,0.3463096980798652,0,1,0
0,2100,0.4491289681023204,0,0,0,0,0,0.5453023645582562,0,0,0,7600000,0.478737545632169,0.5291908206556696,0,0.5777455632804486,0,0,0
0,1500,0.3401266228668201,1,0,0,0,0,0.5564459135698088,0,0,0,3550000,0.5961465620725113,0.23923282782932456,0,0.38977896864144623,0,0,0
0,1640,0,3,0,0,0,0,0.27165622084736546,0,0,1,6350000,0,0.24637792015460963,1,0.36264388522020286,0,0,0
0,1500,0,1,0,0,0,0,0,0,0,0,3550000,0,0,0,0,0,0,0
0,1300,0.2405756769765137,1,0,0,0,0,0.24005729097077363,0,0,0,6500000,0.24747825593810457,0.2518170592726574,0,0.22842069107434307,0,0,0
21,1550,0.32497250382990395,0,0,0,0,0,0.30077117801042413,0,0,0,6000000,0.32427090795356805,0.37776503704030556,0,0.36027416444363475,0,1,0
0,2100,0.722318816640225,1,0,0,0,0,0.6759544249247429,0,0,0,4250000,0.728412236051722,0.7159551477696197,0,0.7545290675979964,0,0,0
0,1500,0,1,0,0,0,0,0,0,0,0,3550000,0,0.2668717837647713,0,0,0,0,0
2,3186,0.5596333833706518,0,1,1,0,1,0.508984686482187,1,1,1,36000000,0.5657140976054822,0.5500075497210714,1,0.494501812643813,0,1,1
0,1250,0,1,0,0,0,0,0,0,0,0,3300000,0,0,0,0,0,0,0
0,1480,0.3988335487225474,0,0,0,0,0,0.39144189565344595,0,0,0,16000000,0.372132374606107,0.3694701778136731,0,0.3358196981225885,0,1,0
0,1500,0.722318816640225,1,0,0,0,0,0.6759544249247429,0,0,0,3950000,0.728412236051722,0.7159551477696197,0,0.7545290675979964,0,0,0
0,1500,0,1,0,0,0,0,0,0,0,0,4250000,0,0,0,0,0,0,0
0,1500,0,1,0,0,0,0,0,0,0,0,3800000,0,0,0,0,0,0,0
0,1500,0,1,0,0,0,0,0.16620083086467302,0,0,0,3800000,0,0.18453604413197966,0,0,0,0,0
0,1500,0.8782551743169534,1,0,0,0,0,0.23284148114223718,0,0,0,3950000,0.5151961519359208,0.3163184023281781,0,0.4973647713029686,0,0,0
0,1300,0.2939350719481758,1,0,0,0,0,0.3177038540233048,0,0,0,5200000,0.2829481959379343,0.31645652525904294,0,0.2785449977625244,0,0,0
0,1500,0,1,0,0,0,0,0.16620083086467302,0,0,0,4500000,0,0.18453604413197966,0,0,0,0,0
0,2100,0.722318816640225,1,0,0,0,0,0.6759544249247429,0,0,0,8000000,0.728412236051722,0.7159551477696197,0,0.7545290675979964,0,0,0
0,1650,0,1,0,0,0,0,0,0,0,0,6100000,0,0,0,0,0,0,0
0,1250,0,1,0,0,0,0,0,0,0,0,3300000,0,0,0,0,0,0,0
0,1500,0.3401266228668201,1,0,0,0,0,0.5564459135698088,0,0,0,4500000,0.5961465620725113,0.23923282782932456,0,0.38977896864144623,0,0,0
0,2100,0.6137641779088492,1,0,0,0,0,0.6456298691406334,0,0,0,8000000,0.6242365922516401,0.6483687216857055,0,0.6504553768207366,0,0,0
0,1500,0,1,0,0,0,0,0,0,0,0,3550000,0,0,0,0,0,0,0
0,2100,0.722318816640225,1,0,0,0,0,0.6759544249247429,0,0,0,8000000,0.728412236051722,0.7159551477696197,0,0.7545290675979964,0,0,0
0,1500,0.3401266228668201,1,0,0,0,0,0.5564459135698088,0,0,0,4500000,0.5961465620725113,0.23923282782932456,0,0.38977896864144623,0,0,0
0,2500,0,1,0,0,0,0,0,0,0,0,7291000,0,0,0,0,0,0,0
0,1500,0.6137641779088492,1,0,0,0,0,0.6456298691406334,0,0,0,4250000,0.6242365922516401,0.6483687216857055,0,0.6504553768207366,0,0,0
0,1500,0,1,0,0,0,0,0,0,0,0,4250000,0,0,0,0,0,0,0
0,9532,0.2403981291388654,0,0,0,0,0,0.29319714674218006,0,0,0,4950000,0.2052233762833605,0.2668550376345395,0,0.21230228497886688,0,2,0
0,1250,0,1,0,0,0,0,0.16620083086467302,0,0,0,4050000,0,0.18453604413197966,0,0,0,0,0
0,2100,0.6662264751987248,1,0,0,0,0,0.6466786942526338,0,0,0,8500000,0.6515497117862921,0.6770381958803663,0,0.6960085414899525,0,0,0
0,1500,0,1,0,0,0,0,0,0,0,0,3550000,0,0,0,0,0,0,0
0,1500,0,1,0,0,0,0,0,0,0,0,3800000,0,0,0,0,0,0,0
0,2100,0.33149071073570724,1,0,0,0,0,0.31896957631795936,0,0,0,8000000,0.3690982541018343,0.3369057926189307,0,0.31583746921300443,0,0,0
0,1500,0,1,0,0,0,0,0,0,0,0,3550000,0,0,0,0,0,0,0
0,1500,0,1,0,0,0,0,0,0,0,0,3800000,0,0,0,0,0,0,0
0,1500,0,1,0,0,0,0,0,0,0,0,4250000,0,0,0,0,0,0,0
0,1250,0.5464036690387111,1,0,0,0,0,0.5323730765611945,0,0,0,3950000,0.5323767052369607,0.5447584967927985,0,0.5728392837255397,0,0,0
0,1500,0,1,0,0,0,0,0,0,0,0,4500000,0,0,0,0,0,0,0
0,20000,0.29691394951566485,0,0,0,0,0,0.33586285604484134,0,0,0,24300000,0.3415507335326599,0.31091232846430306,0,0.2461791928364352,0,2,0
2,1550,0.34807252213500706,1,0,0,0,0,0.34061635006965135,0,0,0,6400000,0.35071576928798626,0.3418355814932292,0,0.30714333675707217,0,1,0
0,1500,0,1,0,0,0,0,0,0,0,0,3550000,0,0,0,0,0,0,0
0,2500,0,1,0,0,0,0,0,0,0,0,7291000,0,0,0,0,0,0,0
0,1500,0.3401266228668201,1,0,0,0,0,0.5564459135698088,0,0,0,3550000,0.5961465620725113,0.23923282782932456,0,0.38977896864144623,0,0,0
0,1500,0.3401266228668201,1,0,0,0,0,0.5564459135698088,0,0,0,3550000,0.5961465620725113,0.23923282782932456,0,0.38977896864144623,0,0,0
0,1500,0,0,0,0,0,0,0,0,0,0,4500000,0,0,0,0,0,0,0
0,1500,0,1,0,0,0,0,0.1607906431381912,0,0,0,3900000,0,0.29948961571462496,0,0,0,0,0
0,1850,0.3401266228668201,1,0,0,0,0,0.5564459135698088,0,0,0,7500000,0.5961465620725113,0.23923282782932456,0,0.38977896864144623,0,0,0
0,917,0.5627263843474477,2,0,0,1,1,0.5353745987397386,0,1,1,5500000,0.5665732847691308,0.5288696511974664,1,0.5436511219461293,1,0,0
0,1250,0,1,0,0,0,0,0,0,0,0,3300000,0,0,0,0,0,0,0
0,1650,0,1,0,0,0,0,0,0,0,0,5390000,0,0,0,0,0,0,0
0,1500,0,1,0,0,0,0,0,0,0,0,4500000,0,0,0,0,0,0,0
0,1500,0,1,0,0,0,0,0,0,0,0,4250000,0,0,0,0,0,0,0
0,2100,0.6825897031222594,1,0,0,0,0,0.8172693937008984,0,0,0,8500000,0.7600544234790985,0.8090932231910495,0,0.6871004237800592,0,0,0
0,1300,0.24482301863563843,1,0,0,0,1,0.2403176458745322,0,0,0,6500000,0.23988567887684675,0.2657841915777771,0,0.2991129143071913,0,0,0
0,1500,0,1,0,0,0,0,0,0,0,0,3550000,0,0,0,0,0,0,0
0,2100,0.28983161927402606,1,0,0,0,0,0.30738456091675415,0,0,0,8000000,0.27999460015856176,0.30530393893121366,0,0.31525683304151964,0,0,0
0,2100,0.4286405440269366,1,0,0,0,0,0.4696421095957676,0,0,0,8000000,0.4062072059961728,0.4336752627840845,0,0.48531380792228007,0,0,0
0,1250,0,1,0,0,0,0,0,0,0,0,3750000,0,0,0,0,0,0,0
0,1500,0,1,0,0,0,0,0,0,0,0,3900000,0,0,0,0,0,0,0
0,1500,0.3401266228668201,1,0,0,0,0,0.5564459135698088,0,0,0,3550000,0.5961465620725113,0.23923282782932456,0,0.38977896864144623,0,0,0
0,2100,0.6825897031222594,1,0,0,0,0,0.8172693937008984,0,0,0,8500000,0.7600544234790985,0.8090932231910495,0,0.6871004237800592,0,0,0
0,1500,0,1,0,0,0,0,0,0,0,0,4250000,0,0,0,0,0,0,0
2,2500,0,2,0,0,0,0,0,0,0,0,7743000,0,0,0,0,0,1,0
0,2100,0.33149071073570724,1,0,0,0,0,0.31896957631795936,0,0,0,8000000,0.3690982541018343,0.3369057926189307,0,0.31583746921300443,0,0,0
0,2814,0.37556090179190704,0,1,1,0,1,0.31863368292075167,1,0,1,19500000,0.36134643843330105,0.3873513239980392,0,0.3709838138752374,1,0,1
0,1500,0,1,0,0,0,0,0.16620083086467302,0,0,0,4250000,0,0.18453604413197966,0,0,0,0,0
0,1500,0,1,0,0,0,0,0.15621909551751478,0,0,0,4250000,0,0.17266671339573184,0,0,0,0,0
1,2500,0,1,0,0,0,0,0,0,0,0,7344000,0,0,0,0,0,1,0
0,1500,0,1,0,0,0,0,0,0,0,0,3900000,0,0,0,0,0,0,0
0,1381,0.5627263843474477,3,0,0,1,1,0.5353745987397386,0,1,1,8300000,0.5665732847691308,0.5288696511974664,1,0.5436511219461293,1,0,0
0,1500,0.3401266228668201,1,0,0,0,0,0.5564459135698088,0,0,0,3550000,0.5961465620725113,0.23923282782932456,0,0.38977896864144623,0,0,0
0,1890,0.399154585093417,0,1,1,0,1,0.4249377264179398,0,0,1,8800000,0.44427386999011403,0.38484523188737335,0,0.3259052844386684,0,0,0
0,2100,1.8220819003874686,1,0,1,0,1,0.3879359226606149,0,0,0,8000000,3.017106942980788,0.3004394788983867,0,0.5858793598292535,0,0,0
0,1250,0,1,0,0,0,0,0,0,0,0,3750000,0,0,0,0,0,0,0
0,1250,0,1,0,0,0,0,0.16620083086467302,0,0,0,4000000,0,0.18453604413197966,0,0,0,0,0
0,1500,0,1,0,0,0,0,0,0,0,0,3130000,0,0,0,0,0,0,0
0,1500,0.3401266228668201,1,0,0,0,0,0.5564459135698088,0,0,0,3550000,0.5961465620725113,0.23923282782932456,0,0.38977896864144623,0,0,0
0,1250,0,1,0,0,0,0,0,0,0,0,3300000,0,0,0,0,0,0,0
0,1500,0,1,0,0,0,0,0,0,0,0,3550000,0,0,0,0,0,0,0
0,2100,0.92532916876876,1,0,1,0,1,0.9009638644580303,0,0,0,8000000,0.8542771639639999,0.9003939690249887,0,1.001354643690356,0,0,0
0,8712,0.3458000917650979,0,0,0,0,0,0.346449430699042,0,0,0,9750000,0.3133449763819739,0.360618410223348,0,0.3534440338995546,0,2,0
0,1500,0,1,0,0,0,0,0.15621909551751478,0,0,0,4250000,0,0.17266671339573184,0,0,0,0,0
0,1500,0.3401266228668201,1,0,0,0,0,0.5564459135698088,0,0,0,4250000,0.5961465620725113,0.23923282782932456,0,0.38977896864144623,0,0,0
1,1402,0.44911407813915594,0,0,0,0,0,0.4652400945460411,0,0,0,7961000,0.4713575566187188,0.46118728018601735,0,0.4631031065007712,0,1,0
0,2100,0.6137641779088492,1,0,1,0,1,0.6456298691406334,0,0,0,8000000,0.6242365922516401,0.6483687216857055,0,0.6504553768207366,0,0,0
0,1250,0,1,0,0,0,0,0,0,0,0,3500000,0,0,0,0,0,0,0
0,1500,0,1,0,0,0,0,0,0,0,0,4500000,0,0,0,0,0,0,0
0,1500,0,1,0,0,0,0,0,0,0,0,3900000,0,0.18644862974634957,0,0,0,0,0
0,1500,0,1,0,0,0,0,0,0,0,0,3900000,0,0,0,0,0,0,0
0,2100,0.33149071073570724,1,0,1,0,1,0.31896957631795936,0,0,0,8000000,0.3690982541018343,0.3369057926189307,0,0.31583746921300443,0,0,0
0,2100,0.2513470590753255,1,0,1,0,1,0.24733014715207646,0,0,0,8000000,0.2619273793726538,0.29774225260124654,0,0.260535458595215,0,0,0
0,1500,0,1,0,0,0,0,0,0,0,0,3800000,0,0,0,0,0,0,0
0,1250,0,1,0,0,0,0,0,0,0,0,3750000,0,0,0,0,0,0,0
0,1500,0,1,0,0,0,0,0,0,0,0,3550000,0,0,0,0,0,0,0
0,1500,0,0,0,0,0,0,0,0,0,0,4500000,0,0,0,0,0,0,0
0,1500,0,1,0,0,0,0,0.16620083086467302,0,0,0,3800000,0,0.18453604413197966,0,0,0,0,0
0,2100,0.289074006704174,1,0,1,0,1,0.2527858244836698,0,0,0,8000000,0.2822711481826336,0.2803155746092486,0,0.28318517936955817,0,0,0
0,1800,0.37556090179190704,0,1,1,0,1,0.31863368292075167,1,0,1,11998800,0.36134643843330105,0.3873513239980392,0,0.3709838138752374,0,0,1
0,2100,0.6137641779088492,1,0,0,0,0,0.6456298691406334,0,0,0,8000000,0.6242365922516401,0.6483687216857055,0,0.6504553768207366,0,0,0
0,1500,0,1,0,0,0,0,0.1607906431381912,0,0,0,4500000,0,0.29948961571462496,0,0,0,0,0
0,2016,0.42403085920228634,2,1,1,1,1,0.4527515296080242,0,1,1,14000000,0.4550399897683093,0.4603998051012116,1,0.38400563759332307,0,0,1
0,1650,0,1,0,0,0,0,0,0,0,0,6100000,0,0,0,0,0,0,0
0,2100,0.4608140560293315,1,0,1,0,1,0.4808802583586031,0,0,0,8000000,0.45540785607585405,0.5202390087579495,0,0.5258532880269391,0,0,0
0,1500,0.567151579475009,1,0,0,0,0,0.6988061861867605,0,0,0,4500000,0.6265659190424202,0.6201928921829365,0,0.6794586245190277,0,0,0
0,1500,0,1,0,0,0,0,0,0,0,0,3800000,0,0,0,0,0,0,0
0,1550,0,1,0,0,0,0,0,0,0,0,5219000,0,0,0,0,0,0,0
1,1750,0,1,0,0,0,0,0.3032395472958518,0,0,0,6000000,0,0.2816053188241932,0,0.31071152572747945,0,1,0
0,1300,0.27836013739964527,1,0,0,0,0,0.27660740057447863,0,0,0,4900000,0.2538062306357191,0.2540151590555305,0,0.27563071353684115,0,0,0
0,2100,0.6137641779088492,1,0,0,0,0,0.6456298691406334,0,0,0,8000000,0.6242365922516401,0.6483687216857055,0,0.6504553768207366,0,0,0
0,1500,0,1,0,0,0,0,0.16620083086467302,0,0,0,3800000,0,0.18453604413197966,0,0,0,0,0
0,2100,0.722318816640225,1,0,0,0,0,0.6759544249247429,0,0,0,8000000,0.728412236051722,0.7159551477696197,0,0.7545290675979964,0,0,0
0,1250,0,1,0,0,0,0,0,0,0,0,4000000,0,0,0,0,0,0,0
0,1500,0.3640465249008363,1,0,0,0,0,0.3472023594142268,0,0,0,4250000,0.44319448408150186,0.2862639082291448,0,0.24613026148307537,0,0,0
0,2100,0.33149071073570724,1,0,1,0,1,0.31896957631795936,0,0,0,8000000,0.3690982541018343,0.3369057926189307,0,0.31583746921300443,0,0,0
0,1850,0.3257850884517058,0,0,0,0,0,0.29156558652642894,0,0,0,5000000,0.32379678344030965,0.29298949290082316,0,0.3073364084635751,0,1,0
0,1500,0.3401266228668201,1,0,0,0,0,0.5564459135698088,0,0,0,3550000,0.5961465620725113,0.23923282782932456,0,0.38977896864144623,0,0,0
5,2500,0,0,0,0,0,0,0.4517976052557718,0,0,0,5500000,0,0.3464820539641059,0,0.7111156939855209,0,1,0
0,1500,0,1,0,0,0,0,0,0,0,0,4500000,0,0,0,0,0,0,0
0,2100,0.33422882457732356,1,0,1,0,1,0.36468604109422487,0,0,0,8000000,0.3131970877850164,0.362592057557795,0,0.37252065939491136,0,0,0
0,1650,0,1,0,0,0,0,0,0,0,0,6100000,0,0,0,0,0,0,0
0,1500,0,1,0,0,0,0,0,0,0,0,3130000,0,0,0,0,0,0,0
0,1000,0,0,0,0,0,0,0,0,0,0,3100000,0,0,0,0,0,0,0
0,1500,0,1,0,0,0,0,0,0,0,0,4500000,0,0,0,0,0,0,0
0,1650,0,1,0,0,0,0,0,0,0,0,5390000,0,0,0,0,0,0,0
0,10000,0.3181339787179751,0,0,0,0,0,0.33507885086877126,0,0,0,9900000,0.2917885563552003,0.32025735615476325,0,0.2544713951434431,0,2,0
0,1250,0,1,0,0,0,0,0,0,0,0,3300000,0,0,0,0,0,0,0
0,1550,0,1,0,0,0,0,0,0,0,0,5219000,0,0,0,0,0,0,0
0,1230,0,0,0,0,0,0,0,0,0,0,3750000,0,0,0,0,0,0,0
0,2100,0.722318816640225,1,0,0,0,0,0.6759544249247429,0,0,0,8000000,0.728412236051722,0.7159551477696197,0,0.7545290675979964,0,0,0
0,1500,0.3401266228668201,1,0,0,0,0,0.5564459135698088,0,0,0,4250000,0.5961465620725113,0.23923282782932456,0,0.38977896864144623,0,0,0
0,1500,0,1,0,0,0,0,0,0,0,0,3800000,0,0,0,0,0,0,0
0,1500,0.3401266228668201,1,0,0,0,0,0.5564459135698088,0,0,0,3550000,0.5961465620725113,0.23923282782932456,0,0.38977896864144623,0,0,0
0,7622,0,0,0,0,0,0,0.3071564670612094,0,0,0,1000000,0.194237519245209,0.32760225385706565,0,0.2931789473966337,0,2,0
0,2100,0.2513470590753255,1,0,1,0,1,0.24733014715207646,0,0,0,8000000,0.2619273793726538,0.29774225260124654,0,0.260535458595215,0,0,0
0,2100,0.2523898736021136,1,0,0,0,0,0.24554359079892435,0,0,0,8000000,0.2863051246376919,0.26069813673734177,0,0.2204652346147583,0,0,0
0,10000,0.6449469263442871,0,0,0,0,0,0.5064053724554941,0,0,0,40000000,0.5211046175495839,0.41223232190808523,0,0.5299772931547271,0,2,0
0,2100,0.6137641779088492,1,0,1,0,1,0.6456298691406334,0,0,0,8000000,0.6242365922516401,0.6483687216857055,0,0.6504553768207366,0,0,0
0,1250,0,1,0,0,0,0,0,0,0,0,3300000,0,0,0,0,0,0,0
0,15069,0.32471002693930523,0,0,0,0,0,0.3599107618227451,0,0,0,10875000,0.3149458715650308,0.3265683813606539,0,0.26503665740691357,0,2,0
0,2100,1.8220819003874686,1,0,1,0,1,0.3879359226606149,0,0,0,8000000,3.017106942980788,0.3004394788983867,0,0.5858793598292535,0,0,0
0,1500,0.46311476032272336,0,0,0,0,0,0.4234416919495023,0,0,0,5900000,0.4568792455685464,0.5013432190146799,0,0.43986435909343835,0,1,0
0,1600,0.3181339787179751,1,0,0,0,1,0.33507885086877126,0,0,0,9500000,0.2917885563552003,0.32025735615476325,0,0.2544713951434431,0,0,0
1,1369,0,0,0,0,0,0,0,0,0,0,4700000,0,0,0,0,0,1,0
0,2100,0.33121544801251684,0,0,0,0,0,0.37868547396723345,0,0,0,7600000,0.30898771192483465,0.36012039460215545,0,0.3672917313801316,0,0,0
0,1122,0.3323555250296566,1,1,0,1,1,0.32531230112828513,0,1,1,5600000,0.3264209071875243,0.35331537466962265,1,0.34347718142460976,1,0,1
0,1650,0,0,0,0,0,0,0,0,0,0,5000000,0,0,0,0,0,0,0
0,2100,0.2523898736021136,1,0,0,0,0,0.24554359079892435,0,0,0,8500000,0.2863051246376919,0.26069813673734177,0,0.2204652346147583,0,0,0
0,2511,0.5500740043082517,0,1,1,1,1,0.5875875288131627,1,1,1,21594600,0.5558949359780537,0.5770507747236738,1,0.6603164656007737,1,0,1
0,1000,0.2405756769765137,1,0,0,0,0,0.24005729097077363,0,0,0,4000000,0.24747825593810457,0.2518170592726574,0,0.22842069107434307,0,0,0
0,1500,0,1,0,0,0,0,0,0,0,0,4250000,0,0,0,0,0,0,0
0,1600,0.2939350719481758,1,0,0,0,0,0.3177038540233048,0,0,0,8500000,0.2829481959379343,0.31645652525904294,0,0.2785449977625244,0,0,0
0,1500,0,1,0,0,0,0,0,0,0,0,3800000,0,0,0,0,0,0,0
0,1500,0,1,0,0,0,0,0,0,0,0,3900000,0,0.14900481836140614,0,0,0,0,0
0,1500,0.6662264751987248,1,0,0,0,0,0.6466786942526338,0,0,0,4500000,0.6515497117862921,0.6770381958803663,0,0.6960085414899525,0,0,0
0,1500,0.21705789053339164,1,0,0,0,0,0.2298365755960024,0,0,0,3950000,0.22322979641918517,0.23395249192492543,0,0.19667881879254695,0,0,0
0,2100,0.5464036690387111,1,0,0,0,0,0.5323730765611945,0,0,0,8000000,0.5323767052369607,0.5447584967927985,0,0.5728392837255397,0,0,0
0,1250,0,1,0,0,0,0,0,0,0,0,3300000,0,0,0,0,0,0,0
5,1550,0.2939350719481758,1,0,0,0,0,0.3177038540233048,0,0,0,6200000,0.2829481959379343,0.31645652525904294,0,0.2785449977625244,0,1,0
0,2100,0.92532916876876,1,0,0,0,0,0.9009638644580303,0,0,0,8000000,0.8542771639639999,0.9003939690249887,0,1.001354643690356,0,0,0
0,1000,0,0,0,0,0,0,0,0,0,0,2750000,0,0,0,0,0,0,0
0,1500,0,1,0,0,0,0,0.15621909551751478,0,0,0,3900000,0,0.17266671339573184,0,0,0,0,0
0,1500,0,1,0,0,0,0,0,0,0,0,3550000,0,0,0,0,0,0,0
0,1300,0.2939350719481758,0,0,0,0,1,0.3177038540233048,0,0,0,6500000,0.2829481959379343,0.31645652525904294,0,0.2785449977625244,0,0,0
0,3100,0,2,0,0,0,0,0,0,0,0,8000000,0,0,0,0,0,0,0
0,2100,1.8220819003874686,1,0,1,0,1,0.3879359226606149,0,0,0,8000000,3.017106942980788,0.3004394788983867,0,0.5858793598292535,0,0,0
0,1300,0.2939350719481758,1,0,0,0,1,0.3177038540233048,0,0,0,6500000,0.2829481959379343,0.31645652525904294,0,0.2785449977625244,0,0,0
0,1500,0,1,0,0,0,0,0,0,0,0,3550000,0,0,0,0,0,0,0
0,1250,0,1,0,0,0,0,0,0,0,0,3750000,0,0,0,0,0,0,0
0,2100,0.6825897031222594,1,0,0,0,0,0.8172693937008984,0,0,0,8500000,0.7600544234790985,0.8090932231910495,0,0.6871004237800592,0,0,0
0,1550,0,1,0,0,0,0,0,0,0,0,5219000,0,0,0,0,0,0,0
0,1250,0,1,0,0,0,0,0,0,0,0,3300000,0,0,0,0,0,0,0
0,1500,0,1,0,0,0,0,0,0,0,0,3550000,0,0,0,0,0,0,0
0,1500,0,1,0,0,0,0,0,0,0,0,3800000,0,0,0,0,0,0,0
0,1650,0,1,0,0,0,0,0,0,0,0,6100000,0,0,0,0,0,0,0
0,1500,0,1,0,0,0,0,0,0,0,0,3550000,0,0.2668717837647713,0,0,0,0,0
0,1550,0,1,0,0,0,0,0,0,0,0,5269000,0,0,0,0,0,0,0
0,7200,0.364866328654614,0,0,0,0,0,0.32962861183555825,0,0,0,9750000,0.3495967674958058,0.41931961592230027,0,0.35115093864735264,0,2,0
0,1550,0,1,0,0,0,0,0,0,0,0,5219000,0,0,0,0,0,0,0
0,1500,0,1,0,0,0,0,0,0,0,0,3550000,0,0,0,0,0,0,0
0,1500,0.2523898736021136,1,0,0,0,0,0.24554359079892435,0,0,0,3950000,0.2863051246376919,0.26069813673734177,0,0.2204652346147583,0,0,0
0,2100,0.33149071073570724,1,0,0,0,0,0.31896957631795936,0,0,0,7600000,0.3690982541018343,0.3369057926189307,0,0.31583746921300443,0,0,0
0,1500,0,1,0,0,0,0,0,0,0,0,3900000,0,0,0,0,0,0,0
0,1500,0,1,0,0,0,0,0.16620083086467302,0,0,0,4250000,0,0.18453604413197966,0,0,0,0,0
0,1250,0,1,0,0,0,0,0,0,0,0,3000000,0,0,0,0,0,0,0
0,1250,0,1,0,0,0,0,0,0,0,0,3300000,0,0,0,0,0,0,0
1,2028,0.6747563801794483,3,1,1,1,1,0.6759781143933702,1,1,1,16000000,0.6911487781059116,0.6886838597003355,1,0.6532125904009795,1,1,1
0,1250,0,1,0,0,0,0,0,0,0,0,4000000,0,0,0,0,0,0,0
0,1500,0,1,0,0,0,0,0,0,0,0,3800000,0,0,0,0,0,0,0
15,1148,1.190321211032276,1,0,0,0,0,1.1353140434298978,0,0,0,8500000,1.0917953393704949,1.0746785875753087,0,1.0127957011418842,0,1,0
0,1250,0,1,0,0,0,0,0,0,0,0,3300000,0,0,0,0,0,0,0
0,1500,0,1,0,0,0,0,0,0,0,0,4500000,0,0,0,0,0,0,0
0,1000,0,0,0,0,0,0,0,0,0,0,2750000,0,0,0,0,0,0,0
0,1500,0.722318816640225,1,0,0,0,0,0.6759544249247429,0,0,0,5000000,0.728412236051722,0.7159551477696197,0,0.7545290675979964,0,0,0
0,1250,0,1,0,0,0,0,0,0,0,0,3300000,0,0,0,0,0,0,0
0,1500,0,1,0,0,0,0,0,0,0,0,3550000,0,0,0,0,0,0,0
0,1500,0,1,0,0,0,0,0,0,0,0,3800000,0,0,0,0,0,0,0
0,10890,0.32690208477235283,0,0,0,0,0,0.35065361173554915,0,0,0,26250000,0.3300919265402116,0.3733667243754428,0,0.40209873884296105,0,2,0
0,1650,0,1,0,0,0,0,0,0,0,0,6100000,0,0,0,0,0,0,0
0,1500,0,1,0,0,0,0,0.1607906431381912,0,0,0,3900000,0,0.29948961571462496,0,0,0,0,0
0,1500,0.3401266228668201,1,0,0,0,0,0.5564459135698088,0,0,0,3550000,0.5961465620725113,0.23923282782932456,0,0.38977896864144623,0,0,0
0,1500,0,1,0,0,0,0,0,0,0,0,4750000,0,0,0,0,0,0,0
0,1250,0,1,0,0,0,0,0,0,0,0,3300000,0,0,0,0,0,0,0
0,1250,0.30392291554714623,1,0,0,0,0,0.3195185093725223,0,0,0,3750000,0.3118178413001956,0.27968833138591914,0,0.28513073239615905,0,0,0
0,1500,0.6868876589167083,1,0,0,0,0,0.7108730573770486,0,0,0,4250000,0.679777123058067,0.7064724895420994,0,0.708196671171357,0,0,0
0,1600,0.4273780301729899,0,1,0,0,0,0.38825502034573284,0,0,0,8300000,0.4324971196251317,0.33884500987990085,0,0.4783758491112976,0,0,0
2,1025,0.699373017194082,1,1,0,0,1,0.6652167562279081,1,1,1,5800000,0.7071233818807103,0.6603642184056778,1,0.6128663389656297,0,1,0
0,1500,0,1,0,0,0,0,0,0,0,0,4250000,0,0,0,0,0,0,0
0,1250,0,1,0,0,0,0,0,0,0,0,3300000,0,0,0,0,0,0,0
0,2100,0.2734572658002705,1,0,1,0,1,0.2659152531881182,0,0,0,8000000,0.2734610762024339,0.27174875509866525,0,0.2503471891023992,0,0,0
0,3100,0,1,0,0,0,0,0,0,0,0,8000000,0,0,0,0,0,0,0
0,1500,0,1,0,0,0,0,0,0,0,0,4750000,0,0,0,0,0,0,0
0,1550,0,1,0,0,0,0,0,0,0,0,5269000,0,0,0,0,0,0,0
0,1500,0.28367289614381175,1,0,0,0,0,0.27663700025164945,0,0,1,5500000,0.2678347695543496,0.2740949530462701,0,0.26183961510802367,0,0,0
0,3100,0,2,0,0,0,0,0,0,0,0,8000000,0,0,0,0,0,0,0
0,2100,0.4491289681023204,1,0,1,0,1,0.5453023645582562,0,0,0,8000000,0.478737545632169,0.5291908206556696,0,0.5777455632804486,0,0,0
0,1650,0.3401266228668201,1,0,0,0,0,0.5564459135698088,0,0,0,5390000,0.5961465620725113,0.23923282782932456,0,0.38977896864144623,0,0,0
0,1500,0,1,0,0,0,0,0.16620083086467302,0,0,0,3800000,0,0.18453604413197966,0,0,0,0,0
0,1500,0.3401266228668201,1,0,0,0,0,0.5564459135698088,0,0,0,3550000,0.5961465620725113,0.23923282782932456,0,0.38977896864144623,0,0,0
0,2500,0.37556090179190704,0,1,1,0,1,0.31863368292075167,1,0,1,16665000,0.36134643843330105,0.3873513239980392,0,0.3709838138752374,0,0,1
0,3100,0,2,0,0,0,0,0,0,0,0,8000000,0,0,0,0,0,0,0
0,1500,0,1,0,0,0,0,0,0,0,0,3900000,0,0,0,0,0,0,0
2,875,0.699373017194082,1,1,0,0,1,0.6652167562279081,1,1,1,5040000,0.7071233818807103,0.6603642184056778,1,0.6128663389656297,0,1,0
0,2178,0.20679409118763983,0,0,0,0,0,0.2286882412264857,0,0,0,2160000,0.20969207784433508,0.22877073411457727,0,0.21600453522204366,0,2,0
0,1500,0,1,0,0,0,0,0,0,0,0,4500000,0,0,0,0,0,0,0
0,2100,0.722318816640225,1,0,1,0,1,0.6759544249247429,0,0,0,8000000,0.728412236051722,0.7159551477696197,0,0.7545290675979964,0,0,0
0,3100,0,2,0,0,0,0,0,0,0,0,8000000,0,0,0,0,0,0,0
6,1444,0,0,1,0,0,0,0,1,1,1,5500000,0,0,0,0,0,1,1
0,1500,0.289074006704174,1,0,0,0,0,0.2527858244836698,0,0,0,4500000,0.2822711481826336,0.2803155746092486,0,0.28318517936955817,0,0,0
8,4251,0.5833382607622579,7,0,0,0,0,0.6017030531158136,0,0,0,11500000,0.5133601104505121,0.5600085050255382,0,0.4897937587013227,0,1,0
0,1500,0,1,0,0,0,0,0,0,0,0,4500000,0,0,0,0,0,0,0
0,1500,0,1,0,0,0,0,0,0,0,0,3800000,0,0,0,0,0,0,0
5,2900,0.2996109584833156,0,0,0,0,0,0.3119734034801127,0,0,0,2500000,0.3177899632887862,0.3574989275705123,0,0.34059337719952465,0,1,0
0,1500,0,1,0,0,0,0,0,0,0,0,4250000,0,0,0,0,0,0,0
0,1500,0,1,0,0,0,0,0,0,0,0,3130000,0,0,0,0,0,0,0
0,2100,0.26836514184692745,1,0,1,0,1,0.2669432450005216,0,0,0,8000000,0.2963895386819396,0.25081875181869545,0,0.25667542252953907,0,0,0
0,1500,0,1,0,0,0,0,0,0,0,0,4500000,0,0,0,0,0,0,0
2,1250,0,1,0,0,0,0,0,0,0,0,3200000,0,0,0,0,0,1,0
0,1250,0.30392291554714623,1,0,0,0,0,0.3195185093725223,0,0,0,4000000,0.3118178413001956,0.27968833138591914,0,0.28513073239615905,0,0,0
3,1000,0,0,0,0,0,0,0.33768450963567026,0,0,0,7500000,0,0.3385799705299898,0,0.4137073486719139,0,1,0
0,2100,0.2063855589279851,1,0,1,0,1,0.22043394427410082,0,0,0,8000000,0.23413423881166412,0.24648731813777278,0,0.19897085348019047,0,0,0
0,1500,0,1,0,0,0,0,0.16620083086467302,0,0,0,3800000,0,0.18453604413197966,0,0,0,0,0
0,5662,0.5190112186042634,0,0,0,0,0,0.6657597435633581,0,0,0,23400000,0.5556068535495983,0.5904209325795554,0,0.6347050058782172,0,2,0
0,3100,0,2,0,0,0,0,0,0,0,0,8000000,0,0,0,0,0,0,0
0,1250,0,1,0,0,0,0,0,0,0,0,3300000,0,0,0,0,0,0,0
0,2483,0.5500740043082517,0,1,1,1,1,0.5875875288131627,1,1,1,19900000,0.5558949359780537,0.5770507747236738,1,0.6603164656007737,1,0,1
0,3100,0,2,0,0,0,0,0,0,0,0,8000000,0,0,0,0,0,0,0
0,1500,0,1,0,0,0,0,0,0,0,0,4250000,0,0,0,0,0,0,0
0,1500,0,1,0,0,0,0,0,0,0,0,4500000,0,0,0,0,0,0,0
0,2100,0.289074006704174,1,0,1,0,1,0.2527858244836698,0,0,0,8000000,0.2822711481826336,0.2803155746092486,0,0.28318517936955817,0,0,0
0,1500,1.8220819003874686,1,0,0,0,0,0.3879359226606149,0,0,0,3950000,3.017106942980788,0.3004394788983867,0,0.5858793598292535,0,0,0
0,2100,0.3813850641589046,1,0,1,0,1,0.39333254130320655,0,0,0,8000000,0.36460296598820335,0.39175493228295605,0,0.4312086401506141,0,0,0
0,2178,0.3087070681297314,0,0,0,0,0,0.29280323169719813,0,0,0,2125000,0.27863636506109646,0.29181807875647964,0,0.32989431373918376,0,2,0
2,1450,0.43145735807776564,0,0,0,0,0,0.4277921069480061,0,0,0,6500000,0.43668336327630436,0.4583988451378273,0,0.422801533854481,0,1,0
0,1500,0,1,0,0,0,0,0,0,0,0,3900000,0,0,0,0,0,0,0
0,2100,0.6137641779088492,1,0,0,0,0,0.6456298691406334,0,0,0,8000000,0.6242365922516401,0.6483687216857055,0,0.6504553768207366,0,0,0
0,1500,0.3401266228668201,1,0,0,0,0,0.5564459135698088,0,0,0,3550000,0.5961465620725113,0.23923282782932456,0,0.38977896864144623,0,0,0
0,1250,0,1,0,0,0,0,0,0,0,0,3300000,0,0,0,0,0,0,0
0,1550,0,1,0,0,0,0,0,0,0,0,5219000,0,0,0,0,0,0,0
3,2400,0.251647898215063,0,0,0,0,0,0.2534349219785639,0,0,0,8300000,0.23946267407092686,0.2584806661709266,0,0.23945010948877996,0,1,0
0,1550,0,1,0,0,0,0,0,0,0,0,5269000,0,0,0,0,0,0,0
0,1550,0,1,0,0,0,0,0,0,0,0,5269000,0,0,0,0,0,0,0
0,1500,0.3401266228668201,1,0,0,0,0,0.5564459135698088,0,0,0,4750000,0.5961465620725113,0.23923282782932456,0,0.38977896864144623,0,0,0
0,12800,0.2996109584833156,0,0,0,0,0,0.3119734034801127,0,0,0,16000000,0.3177899632887862,0.3574989275705123,0,0.34059337719952465,0,2,0
0,2628,0.7706472596091474,0,1,0,0,0,0.677774024063833,0,0,0,11100000,0.7459435506021175,0.6652484053563221,0,0.7069736472225073,0,2,0
0,1500,0,1,0,0,0,0,0,0,0,0,3550000,0,0,0,0,0,0,0
0,4300,0.2996109584833156,0,0,0,0,0,0.3119734034801127,0,0,0,4500000,0.3177899632887862,0.3574989275705123,0,0.34059337719952465,0,2,0
1,1501,0.3516310002541745,1,0,0,0,0,0.36116265792785635,0,0,0,6500000,0.37638564181158796,0.38255001355665175,0,0.4335716966279716,0,1,0
0,2100,0.5464036690387111,1,0,1,0,1,0.5323730765611945,0,0,0,8000000,0.5323767052369607,0.5447584967927985,0,0.5728392837255397,0,0,0
0,2100,0.33149071073570724,1,0,1,0,1,0.31896957631795936,0,0,0,8000000,0.3690982541018343,0.3369057926189307,0,0.31583746921300443,0,0,0
0,1500,0,1,0,0,0,0,0,0,0,0,4250000,0,0,0,0,0,0,0
0,1500,0.3401266228668201,1,0,0,0,0,0.5564459135698088,0,0,0,3550000,0.5961465620725113,0.23923282782932456,0,0.38977896864144623,0,0,0
0,1500,0,1,0,0,0,0,0,0,0,0,3900000,0,0,0,0,0,0,0
0,1500,0,1,0,0,0,0,0,0,0,0,4500000,0,0,0,0,0,0,0
0,2100,0.22977026750185284,1,0,0,0,0,0.26886218976580123,0,0,0,3950000,0.22935830866565682,0.24169111406968125,0,0.31824646735509526,0,0,0
0,2100,0.92532916876876,1,0,1,0,1,0.9009638644580303,0,0,0,8000000,0.8542771639639999,0.9003939690249887,0,1.001354643690356,0,0,0
0,1500,0,1,0,0,0,0,0,0,0,0,4500000,0,0,1,0,0,0,0
0,1500,0,1,0,0,0,0,0,0,0,0,3550000,0,0,0,0,0,0,0
5,1250,0.29880844035188786,0,0,0,0,0,0.34064383748385196,0,0,0,5500000,0.2761279025494495,0.32577340034592445,0,0.31506293608007063,0,1,0
0,1650,0.251647898215063,0,0,0,0,0,0.2534349219785639,0,0,0,5000000,0.23946267407092686,0.2584806661709266,0,0.23945010948877996,0,0,0
0,1250,0,1,0,0,0,0,0,0,0,0,4000000,0,0,0,0,0,0,0
0,2100,0.2523898736021136,1,0,0,0,0,0.24554359079892435,0,0,0,8000000,0.2863051246376919,0.26069813673734177,0,0.2204652346147583,0,0,0
0,1650,0,1,0,0,0,0,0,0,0,0,6100000,0,0,0,0,0,0,0
0,1500,0,1,0,0,0,0,0.16620083086467302,0,0,0,3800000,0,0.18453604413197966,0,0,0,0,0
0,2100,0.722318816640225,1,0,1,0,1,0.6759544249247429,0,0,0,8000000,0.728412236051722,0.7159551477696197,0,0.7545290675979964,0,0,0
1,2257,0.44911407813915594,0,0,0,0,0,0.4652400945460411,0,0,0,9881000,0.4713575566187188,0.46118728018601735,0,0.4631031065007712,0,1,0
0,2100,0.5464036690387111,1,0,1,0,1,0.5323730765611945,0,0,0,8000000,0.5323767052369607,0.5447584967927985,0,0.5728392837255397,0,0,0
0,1300,0.2939350719481758,1,0,0,0,0,0.3177038540233048,0,0,0,5200000,0.2829481959379343,0.31645652525904294,0,0.2785449977625244,0,0,0
0,1500,0,1,0,0,0,0,0,0,0,0,4500000,0,0,0,0,0,0,0
0,2483,0.5500740043082517,0,1,1,1,1,0.5875875288131627,1,1,1,19999999,0.5558949359780537,0.5770507747236738,1,0.6603164656007737,1,0,1
0,1550,0,1,0,0,0,0,0,0,0,0,5219000,0,0,0,0,0,0,0
0,4356,0.7563655670396889,0,0,0,0,0,0.7681189124067137,0,0,0,1700000,0.7762000732477056,0.7509888508572748,0,0.6837599786667131,0,2,0
0,1250,0,1,0,0,0,0,0,0,0,0,3300000,0,0,0,0,0,0,0
0,1255,0.35048363636135743,5,0,0,1,0,0.36808412526006956,0,1,1,6900000,0.36641976484228517,0.3476073628096251,1,0.39658970299442103,0,0,0
0,1500,0.1953865835139775,1,0,0,0,0,0.33126045735630133,0,0,0,3950000,0.19510530503764087,0.25139025144714217,0,0.2105776946506348,0,0,0
0,1500,0,0,0,0,0,0,0,0,0,0,3800000,0,0,0,0,0,0,0
0,1500,0.3401266228668201,1,0,0,0,0,0.5564459135698088,0,0,0,4250000,0.5961465620725113,0.23923282782932456,0,0.38977896864144623,0,0,0
0,2365,0.5314448786294355,0,1,1,1,1,0.47312981336705223,1,1,1,16318500,0.5373916817988197,0.5038037268745261,1,0.48169042099256454,1,0,1
0,1500,0,1,0,0,0,0,0,0,0,0,4500000,0,0,0,0,0,0,0
0,1500,0.289074006704174,1,0,0,0,0,0.2527858244836698,0,0,0,3950000,0.2822711481826336,0.2803155746092486,0,0.28318517936955817,0,0,0
0,1250,0,1,0,0,0,0,0,0,0,0,4000000,0,0,0,0,0,0,0
0,1250,0,1,0,0,0,0,0,0,0,0,3300000,0,0,0,0,0,0,0
0,1500,0.8782551743169534,1,0,0,0,0,0.23284148114223718,0,0,0,3950000,0.5151961519359208,0.3163184023281781,0,0.4973647713029686,0,0,0
0,6400,0.24327784738062397,0,0,0,0,0,0.27282511191563913,0,0,0,13800000,0.2639035387377731,0.2582266472357121,0,0.26046086349230957,0,2,0
0,1650,0,1,0,0,0,0,0,0,0,0,5390000,0,0,0,0,0,0,0
0,1742,0.33121544801251684,0,0,0,0,0,0.37868547396723345,0,0,0,1360000,0.30898771192483465,0.36012039460215545,0,0.3672917313801316,0,2,0
0,2100,0.33149071073570724,1,0,1,0,1,0.31896957631795936,0,0,0,8000000,0.3690982541018343,0.3369057926189307,0,0.31583746921300443,0,0,0
0,2847,0.35048363636135743,0,0,0,0,0,0.36808412526006956,0,0,1,8125000,0.36641976484228517,0.3476073628096251,0,0.39658970299442103,0,2,0
0,1500,0,1,0,0,0,0,0,0,0,0,3550000,0,0,0,0,0,0,0
0,1250,0,1,0,0,0,0,0,0,0,0,4050000,0,0,0,0,0,0,0
0,1250,0,1,0,0,0,0,0,0,0,0,4000000,0,0,0,0,0,0,0
0,1250,0.722318816640225,1,0,0,0,0,0.6759544249247429,0,0,0,3950000,0.728412236051722,0.7159551477696197,0,0.7545290675979964,0,0,0
0,2100,0.2523898736021136,1,0,0,0,0,0.24554359079892435,0,0,0,8000000,0.2863051246376919,0.26069813673734177,0,0.2204652346147583,0,0,0
5,1000,0.4286405440269366,0,0,0,0,0,0.4696421095957676,0,0,1,2200000,0.4062072059961728,0.4336752627840845,0,0.48531380792228007,0,1,0
0,1500,0.2523898736021136,1,0,0,0,0,0.24554359079892435,0,0,0,4500000,0.2863051246376919,0.26069813673734177,0,0.2204652346147583,0,0,0
0,2100,0.92532916876876,1,0,0,0,0,0.9009638644580303,0,0,0,8500000,0.8542771639639999,0.9003939690249887,0,1.001354643690356,0,0,0
0,1500,0,1,0,0,0,0,0,0,0,0,3550000,0,0,0,0,0,0,0
0,2500,0,1,0,0,0,0,0.16620083086467302,0,0,0,7344000,0,0.18453604413197966,0,0,0,0,0
0,2100,0.2063855589279851,1,0,1,0,1,0.22043394427410082,0,0,0,8000000,0.23413423881166412,0.24648731813777278,0,0.19897085348019047,0,0,0
0,2847,0.7706472596091474,0,1,0,0,0,0.677774024063833,0,0,1,11050000,0.7459435506021175,0.6652484053563221,0,0.7069736472225073,0,2,0
0,1250,0.30392291554714623,1,0,0,0,0,0.3195185093725223,0,0,0,4000000,0.3118178413001956,0.27968833138591914,0,0.28513073239615905,0,0,0
0,1898,0.40835603681748006,2,1,1,1,1,0.37458257838159636,1,1,1,9000000,0.39316086066524053,0.38428382863895344,1,0.3463096980798652,0,0,1
0,1610,0.40482328964463965,0,1,1,0,1,0.382264449661814,0,0,1,7200000,0.3472033228883883,0.36131716347159293,0,0.2854669370898348,0,0,0
0,1650,0,1,0,0,0,0,0,0,0,0,5390000,0,0,0,0,0,0,0
0,1500,0,1,0,0,0,0,0,0,0,0,3550000,0,0,0,0,0,0,0
0,1250,0,1,0,0,0,0,0.16620083086467302,0,0,0,4050000,0,0.18453604413197966,0,0,0,0,0
5,675,0.25641597196150456,0,0,0,0,0,0.2643832576176137,0,0,0,1800000,0.25050208608338703,0.3201691618459848,0,0.2780610499025239,0,1,0
0,1550,0,1,0,0,0,0,0,0,0,0,5219000,0,0,0,0,0,0,0
0,9000,0.27836013739964527,0,0,0,0,0,0.27660740057447863,0,0,0,7500000,0.2538062306357191,0.2540151590555305,0,0.27563071353684115,0,2,0
0,1250,0,1,0,0,0,0,0,0,0,0,3300000,0,0,0,0,0,0,0
1,2500,0,1,0,0,0,0,0,0,0,0,7344000,0,0,0,0,0,1,0
0,1250,0,1,0,0,0,0,0,0,0,0,3300000,0,0,0,0,0,0,0
0,2100,0.6137641779088492,1,0,0,0,0,0.6456298691406334,0,0,0,8000000,0.6242365922516401,0.6483687216857055,0,0.6504553768207366,0,0,0
0,1500,0,1,0,0,0,0,0,0,0,0,3130000,0,0,0,0,0,0,0
0,5650,0.8662200294626536,0,0,0,0,0,0.7845677634255952,0,0,0,18000000,0.8062137832609898,0.9328635088769894,0,0.8285016696645346,0,2,0
0,3100,0,2,0,0,0,0,0,0,0,0,8000000,0,0,0,0,0,0,0
0,1250,0.30392291554714623,1,0,0,0,0,0.3195185093725223,0,0,0,4050000,0.3118178413001956,0.27968833138591914,0,0.28513073239615905,0,0,0
0,1500,0.33149071073570724,1,0,0,0,0,0.31896957631795936,0,0,0,4250000,0.3690982541018343,0.3369057926189307,0,0.31583746921300443,0,0,0
0,1500,0,1,0,0,0,0,0,0,0,0,4500000,0,0,0,0,0,0,0
0,1550,0,1,0,0,0,0,0,0,0,0,6100000,0,0,0,0,0,0,0
0,2100,0.1953865835139775,1,0,1,0,1,0.33126045735630133,0,0,0,8000000,0.19510530503764087,0.25139025144714217,0,0.2105776946506348,0,0,0
0,3100,0,2,0,0,0,0,0,0,0,0,8000000,0,0,0,0,0,0,0
0,1650,0,1,0,0,0,0,0,0,0,0,61510000,0,0,0,0,0,0,0
0,1842,0.5314448786294355,0,1,1,1,1,0.47312981336705223,1,1,1,13400000,0.5373916817988197,0.5038037268745261,1,0.48169042099256454,1,0,1
0,2100,0.4286405440269366,1,0,0,0,0,0.4696421095957676,0,0,0,8500000,0.4062072059961728,0.4336752627840845,0,0.48531380792228007,0,0,0
0,1250,0,1,0,0,0,0,0,0,0,0,4050000,0,0,0,0,0,0,0
0,1500,0,1,0,0,0,0,0.16620083086467302,0,0,0,3800000,0,0.18453604413197966,0,0,0,0,0
0,1500,0.8118076741496013,1,0,0,0,0,0.7993884578196556,0,0,0,5000000,0.9042017235277074,0.7668165306927512,0,0.841329989969089,0,0,0
0,1500,0.3401266228668201,1,0,0,0,0,0.5564459135698088,0,0,0,3550000,0.5961465620725113,0.23923282782932456,0,0.38977896864144623,0,0,0
0,1500,0,1,0,0,0,0,0,0,0,0,3550000,0,0.2668717837647713,0,0,0,0,0
0,5600,0.3100422148724774,0,0,0,0,0,0.3364863433767202,0,0,0,15000000,0.29090031387804244,0.32582980978997045,0,0.3308100567535677,0,2,0
0,1250,0,1,0,0,0,0,0,0,0,0,3300000,0,0,0,0,0,0,0
0,1250,0,1,0,0,0,0,0,0,0,0,4000000,0,0,0,0,0,0,0
0,1500,0,1,0,0,0,0,0,0,0,0,3550000,0,0,0,0,0,0,0
2,1250,0,1,0,0,0,0,0,0,0,0,3200000,0,0.2668717837647713,0,0,0,1,0
0,1650,0,1,0,0,0,0,0,0,0,0,5390000,0,0,0,0,0,0,0
0,1550,0,1,0,0,0,0,0,0,0,0,5219000,0,0,0,0,0,0,0
0,1500,0.22977026750185284,1,0,0,0,0,0.26886218976580123,0,0,0,3950000,0.22935830866565682,0.24169111406968125,0,0.31824646735509526,0,0,0
2,1091,0.5627263843474477,3,0,0,1,0,0.5353745987397386,0,1,1,6300000,0.5665732847691308,0.5288696511974664,1,0.5436511219461293,0,1,0
0,2100,0.2523898736021136,1,0,0,0,0,0.24554359079892435,0,0,0,8000000,0.2863051246376919,0.26069813673734177,0,0.2204652346147583,0,0,0
0,1250,0,1,0,0,0,0,0,0,0,0,3750000,0,0,0,0,0,0,0
0,1250,0,1,0,0,0,0,0,0,0,0,3500000,0,0,0,0,0,0,0
0,1530,0.45875030486983703,1,1,0,1,1,0.3999575886933364,0,1,1,9643350,0.4319893103677684,0.42390413059248444,1,0.35757953422432065,0,0,1
0,1500,0,1,0,0,0,0,0,0,0,0,4250000,0,0,0,0,0,0,0
0,1250,0,1,0,0,0,0,0.16620083086467302,0,0,0,4050000,0,0.18453604413197966,0,0,0,0,0
8,1250,0.3018669328197732,0,1,1,0,1,0.3510604698519492,1,1,1,6000000,0.28568107842621226,0.33599495171481075,1,0.32317880496885754,0,1,1
2,1600,0.2996109584833156,1,0,0,0,0,0.3119734034801127,0,0,0,7500000,0.3177899632887862,0.3574989275705123,0,0.34059337719952465,0,1,0
0,1500,0,1,0,0,0,0,0,0,0,0,4700000,0,0,0,0,0,0,0
0,2100,0.722318816640225,1,0,1,0,1,0.6759544249247429,0,0,0,8000000,0.728412236051722,0.7159551477696197,0,0.7545290675979964,0,0,0
0,1250,0.3401266228668201,1,0,0,0,0,0.5564459135698088,0,0,0,3300000,0.5961465620725113,0.23923282782932456,0,0.38977896864144623,0,0,0
0,1250,0,1,0,0,0,0,0,0,0,0,3000000,0,0,0,0,0,0,0
0,1500,0.3401266228668201,1,0,0,0,0,0.5564459135698088,0,0,0,3550000,0.5961465620725113,0.23923282782932456,0,0.38977896864144623,0,0,0
0,1500,0,1,0,0,0,0,0,0,0,0,3550000,0,0,0,0,0,0,0
0,1500,0,1,0,0,0,0,0,0,0,0,3800000,0,0,0,0,0,0,0
0,1250,0,1,0,0,0,0,0,0,0,0,3300000,0,0,0,0,0,0,0
0,1550,0,1,0,0,0,0,0,0,0,0,5219000,0,0,0,0,0,0,0
0,1650,0,1,0,0,0,0,0,0,0,0,5390000,0,0,0,0,0,0,0
0,1500,0,1,0,0,0,0,0,0,0,0,3900000,0,0.14900481836140614,0,0,0,0,0
0,3100,0,2,0,0,0,0,0,0,0,0,8000000,0,0,0,0,0,0,0
0,1851,0.5314448786294355,0,1,1,1,1,0.47312981336705223,1,1,1,15500000,0.5373916817988197,0.5038037268745261,1,0.48169042099256454,0,0,1
0,7862,0,0,0,0,0,0,0,0,0,0,3500000,0,0,0,0,0,2,0
0,2100,0.2996109584833156,0,0,0,0,0,0.3119734034801127,0,0,0,2400000,0.3177899632887862,0.3574989275705123,0,0.34059337719952465,0,2,0
0,1500,0,1,0,0,0,0,0,0,0,0,4750000,0,0,0,0,0,0,0
0,1550,0,1,0,0,0,0,0,0,0,0,5219000,0,0,0,0,0,0,0
0,1230,0,1,0,0,0,0,0,0,0,0,3750000,0,0,0,0,0,0,0
1,2000,0.45546867256667944,2,0,0,0,0,0.46009055938394056,0,0,0,12500000,0.4772776901484503,0.47131218925886936,0,0.46027319909260245,0,1,0
0,1550,0,1,0,0,0,0,0,0,0,0,5219000,0,0,0,0,0,0,0
0,1250,0,1,0,0,0,0,0,0,0,0,3300000,0,0,0,0,0,0,0
0,1250,0,1,0,0,0,0,0,0,0,0,3300000,0,0,0,0,0,0,0
2,4200,0,0,0,0,0,0,0.23115882890469724,0,0,0,17700000,0,0.2815290350775281,0,0.27048786948220477,0,1,0
0,1500,0,1,0,0,0,0,0,0,0,0,3900000,0,0,0,0,0,0,0
0,1500,0,0,0,0,0,0,0,0,0,0,3130000,0,0,0,0,0,0,0
0,2100,0.33149071073570724,1,0,0,0,0,0.31896957631795936,0,0,0,7500000,0.3690982541018343,0.3369057926189307,0,0.31583746921300443,0,0,0
0,1500,0.3401266228668201,1,0,0,0,0,0.5564459135698088,0,0,0,3550000,0.5961465620725113,0.23923282782932456,0,0.38977896864144623,0,0,0
0,2100,0.2523898736021136,1,0,0,0,0,0.24554359079892435,0,0,0,8000000,0.2863051246376919,0.26069813673734177,0,0.2204652346147583,0,0,0
0,1650,0.30392291554714623,1,0,0,0,0,0.3195185093725223,0,0,0,4750000,0.3118178413001956,0.27968833138591914,0,0.28513073239615905,0,0,0
0,1500,0,1,0,0,0,0,0,0,0,0,4250000,0,0,0,0,0,0,0
0,1500,0.6137641779088492,1,0,0,0,0,0.6456298691406334,0,0,0,4250000,0.6242365922516401,0.6483687216857055,0,0.6504553768207366,0,0,0
0,7800,0.6847133611468633,0,0,0,0,0,0.7374902098813473,0,0,0,21600000,0.6772207918426906,0.720827595266493,0,0.7233484294498718,0,2,0
0,2100,0.2523898736021136,1,0,0,0,0,0.24554359079892435,0,0,0,8000000,0.2863051246376919,0.26069813673734177,0,0.2204652346147583,0,0,0
0,3100,0,2,0,0,0,0,0,0,0,0,8000000,0,0,0,0,0,0,0
0,1500,0.1953865835139775,1,0,0,0,0,0.33126045735630133,0,0,0,3950000,0.19510530503764087,0.25139025144714217,0,0.2105776946506348,0,0,0
0,1550,0,1,0,0,0,0,0,0,0,0,5219000,0,0,0,0,0,0,0
0,1500,0.2063855589279851,1,0,0,0,0,0.22043394427410082,0,0,0,3950000,0.23413423881166412,0.24648731813777278,0,0.19897085348019047,0,0,0
0,1500,0,1,0,0,0,0,0.20829682360931473,0,0,0,3900000,0,0.2034971314757698,0,0,0,0,0
0,1500,0.24662528620527316,1,0,0,0,0,0.28113318706568236,0,0,0,3950000,0.24780725211877994,0.23624613542374162,0,0.23033583516674946,0,0,0
5,1550,0.2939350719481758,1,0,0,0,0,0.3177038540233048,0,0,0,6200000,0.2829481959379343,0.31645652525904294,0,0.2785449977625244,0,1,0
1,1401,0.2480242072563749,0,0,0,0,0,0.24317092116659747,0,0,0,5800000,0.2514347413191,0.25732969280533075,0,0.22907827307189396,0,1,0
0,2100,0.2513470590753255,1,0,1,0,1,0.24733014715207646,0,0,0,8000000,0.2619273793726538,0.29774225260124654,0,0.260535458595215,0,0,0
0,1500,0.2523898736021136,1,0,0,0,0,0.24554359079892435,0,0,0,3950000,0.2863051246376919,0.26069813673734177,0,0.2204652346147583,0,0,0
0,1500,0,1,0,0,0,0,0,0,0,0,3550000,0,0,0,0,0,0,0
0,1000,0,1,0,0,0,0,0.16620083086467302,0,0,0,3300000,0,0.18453604413197966,0,0,0,0,0
0,1250,0,1,0,0,0,0,0,0,0,0,3300000,0,0,0,0,0,0,0
0,1500,0.3401266228668201,1,0,0,0,0,0.5564459135698088,0,0,0,4250000,0.5961465620725113,0.23923282782932456,0,0.38977896864144623,0,0,0
0,1150,0,1,0,0,0,0,0,0,0,0,3950000,0,0,0,0,0,0,0
0,1500,0.3401266228668201,1,0,0,0,0,0.5564459135698088,0,0,0,4250000,0.5961465620725113,0.23923282782932456,0,0.38977896864144623,0,0,0
0,1550,0,1,0,0,0,0,0,0,0,0,5269000,0,0,0,0,0,0,0
3,5381,0,0,0,0,0,0,0,0,0,0,3260000,0,0,0,0,0,1,0
0,1500,0,1,0,0,0,0,0.1607906431381912,0,0,0,3900000,0,0.29948961571462496,0,0,0,0,0
0,1500,0,1,0,0,0,0,0,0,0,0,3550000,0,0,0,0,0,0,0
0,2500,0.24816854382284667,1,1,0,0,1,0.253309316445025,0,0,1,12400000,0.2433830539930559,0.26148468775119815,1,0.24361453454821932,0,0,1
0,1500,0,1,0,0,0,0,0,0,0,0,3900000,0,0,0,0,0,0,0
0,1250,0,0,0,0,0,0,0,0,0,0,3000000,0,0,0,0,0,0,0
0,1500,0,1,0,0,0,0,0,0,0,0,3550000,0,0,0,0,0,0,0
0,1500,0,1,0,0,0,0,0.16620083086467302,0,0,0,4250000,0,0.18453604413197966,0,0,0,0,0
0,2100,0.33149071073570724,1,0,0,0,0,0.31896957631795936,0,0,0,8500000,0.3690982541018343,0.3369057926189307,0,0.31583746921300443,0,0,0
0,1500,0,1,0,0,0,0,0,0,0,0,3550000,0,0,0,0,0,0,0
0,2100,0.4491289681023204,1,0,1,0,1,0.5453023645582562,0,0,0,8000000,0.478737545632169,0.5291908206556696,0,0.5777455632804486,0,0,0
0,1500,0,1,0,0,0,0,0,0,0,0,3550000,0,0,0,0,0,0,0
0,1250,0.30392291554714623,1,0,0,0,0,0.3195185093725223,0,0,0,4000000,0.3118178413001956,0.27968833138591914,0,0.28513073239615905,0,0,0
0,1650,0,1,0,0,0,0,0,0,0,0,5390000,0,0,0,0,0,0,0
0,2100,0.92532916876876,1,0,1,0,1,0.9009638644580303,0,0,0,8000000,0.8542771639639999,0.9003939690249887,0,1.001354643690356,0,0,0
0,1500,0,1,0,0,0,0,0,0,0,0,4250000,0,0,0,0,0,0,0
0,1250,0,1,0,0,0,0,0,0,0,0,4000000,0,0,0,0,0,0,0
0,1500,0,1,0,0,0,0,0.16620083086467302,0,0,0,3800000,0,0.18453604413197966,0,0,0,0,0
0,1650,0,1,0,0,0,0,0,0,0,0,5390000,0,0,0,0,0,0,0
0,3100,0,2,0,0,0,0,0,0,0,0,8000000,0,0,0,0,0,0,0
0,2500,0,1,0,0,0,0,0.16620083086467302,0,0,0,7344000,0,0.18453604413197966,0,0,0,0,0
0,1230,0,1,0,0,0,0,0,0,0,0,3750000,0,0,0,0,0,0,0
0,1500,0,1,0,0,0,0,0,0,0,0,4500000,0,0,0,0,0,0,0
0,1500,0,1,0,0,0,0,0,0,0,0,3130000,0,0,0,0,0,0,0
0,1500,0,1,0,0,0,0,0,0,0,0,3900000,0,0,0,0,0,0,0
0,1500,0,1,0,0,0,0,0.16620083086467302,0,0,0,3800000,0,0.18453604413197966,0,0,0,0,0
0,1500,0,1,0,0,0,0,0,0,0,0,3550000,0,0,0,0,0,0,0
0,1500,0,0,0,0,0,0,0,0,0,0,3800000,0,0,0,0,0,0,0
0,2100,0.33149071073570724,1,0,0,0,0,0.31896957631795936,0,0,0,8000000,0.3690982541018343,0.3369057926189307,0,0.31583746921300443,0,0,0
0,1500,0,1,0,0,0,0,0,0,0,0,3130000,0,0,0,0,0,0,0
0,7493,0.7073377968841833,0,0,0,0,0,0.7819665067740271,0,0,0,51600000,0.6989022852577174,0.7415896484231235,0,0.8658322595985167,0,2,0
0,1500,0,1,0,0,0,0,0,0,0,0,3130000,0,0,0,0,0,0,0
0,1500,0,1,0,0,0,0,0,0,0,0,4500000,0,0,0,0,0,0,0
0,1500,0,1,0,0,0,0,0,0,0,0,4500000,0,0,0,0,0,0,0
0,1500,0,1,0,0,0,0,0,0,0,0,4500000,0,0,0,0,0,0,0
0,1250,0,0,1,0,0,0,0,0,0,0,4900000,0,0,0,0,0,2,0
0,2100,0.722318816640225,1,0,1,0,1,0.6759544249247429,0,0,0,8000000,0.728412236051722,0.7159551477696197,0,0.7545290675979964,0,0,0
0,1500,0.3401266228668201,1,0,0,0,0,0.5564459135698088,0,0,0,3550000,0.5961465620725113,0.23923282782932456,0,0.38977896864144623,0,0,0
0,1650,0,1,0,0,0,0,0,0,0,0,6100000,0,0,0,0,0,0,0
0,1500,0.722318816640225,1,0,0,0,0,0.6759544249247429,0,0,0,3950000,0.728412236051722,0.7159551477696197,0,0.7545290675979964,0,0,0
0,2178,0.6137641779088492,0,0,0,0,0,0.6456298691406334,0,0,0,4165000,0.6242365922516401,0.6483687216857055,0,0.6504553768207366,0,2,0
1,1550,0.2939350719481758,1,0,0,0,0,0.3177038540233048,0,0,0,6200000,0.2829481959379343,0.31645652525904294,0,0.2785449977625244,0,1,0
5,3485,0.3119221849315894,0,0,0,0,0,0.32426693318671507,0,0,0,8800000,0.30973137603636086,0.3222164663922849,0,0.3023143551816019,0,1,0
0,10018,0.6998363987051789,0,0,0,0,0,0.7377795765176429,0,0,0,101200000,0.6228154836871512,0.6406224241586363,0,0.6639596369495792,0,2,0
0,1250,0.2523898736021136,1,0,0,0,0,0.24554359079892435,0,0,0,3950000,0.2863051246376919,0.26069813673734177,0,0.2204652346147583,0,0,0
0,2100,0.722318816640225,1,0,1,0,1,0.6759544249247429,0,0,0,8000000,0.728412236051722,0.7159551477696197,0,0.7545290675979964,0,0,0
0,2100,0.24662528620527316,1,0,0,0,0,0.28113318706568236,0,0,0,8000000,0.24780725211877994,0.23624613542374162,0,0.23033583516674946,0,0,0
0,4350,0.40835603681748006,0,0,0,0,0,0.37458257838159636,0,0,0,700000,0.39316086066524053,0.38428382863895344,0,0.3463096980798652,0,2,0
0,1500,0,0,0,0,0,0,0.16620083086467302,0,0,0,3800000,0,0.18453604413197966,0,0,0,0,0
0,1100,0.2939350719481758,1,0,0,0,0,0.3177038540233048,0,0,0,4700000,0.2829481959379343,0.31645652525904294,0,0.2785449977625244,0,0,0
0,8712,0.7938763640600602,0,0,0,0,0,0.810543374344023,0,0,0,420000000,0.7797227033100562,0.7617948848689723,0,0.8546225072470621,0,1,0
0,1500,0.2592198006371711,1,0,0,0,0,0.2573318539788922,0,0,0,3950000,0.26728713832005707,0.30138682298252795,0,0.273971573477378,0,0,0
0,5227,0.32690208477235283,0,0,0,0,0,0.35065361173554915,0,0,0,4440000,0.3300919265402116,0.3733667243754428,0,0.40209873884296105,0,2,0
0,1500,0,0,0,0,0,0,0,0,0,0,3550000,0,0,0,0,0,0,0
0,1250,0,1,0,0,0,0,0,0,0,0,3300000,0,0,1,0,0,0,0
0,2100,0.33149071073570724,0,0,1,0,1,0.31896957631795936,0,0,0,8000000,0.3690982541018343,0.3369057926189307,0,0.31583746921300443,0,0,0
0,2100,0,1,0,1,0,1,0,0,0,0,8000000,0,0,0,0,0,0,0
5,3485,0.3119221849315894,0,0,0,0,0,0.32426693318671507,0,0,0,8800000,0.30973137603636086,0.3222164663922849,0,0.3023143551816019,0,1,0
0,1500,1.8220819003874686,1,0,0,0,0,0.3879359226606149,0,0,0,5000000,3.017106942980788,0.3004394788983867,0,0.5858793598292535,0,0,0
0,1500,0,1,0,0,0,0,0,0,0,0,3550000,0,0,0,0,0,0,0
0,1250,0,0,0,0,0,0,0,0,0,0,3000000,0,0,0,0,0,0,0
0,1531,0.4734433478778699,2,1,1,1,1,0.37554506549306615,0,1,1,8000000,0.4279052159191697,0.332879457375891,1,0.46022518434401094,1,0,1
0,2100,0.2523898736021136,1,0,0,0,0,0.24554359079892435,0,0,0,7600000,0.2863051246376919,0.26069813673734177,0,0.2204652346147583,0,0,0
0,1500,0,0,0,0,0,0,0.16620083086467302,0,0,0,3800000,0,0.18453604413197966,0,0,0,0,0
0,1500,0,1,0,0,0,0,0,0,0,0,3550000,0,0,0,0,0,0,0
0,1250,0.6137641779088492,1,0,0,0,0,0.6456298691406334,0,0,0,3950000,0.6242365922516401,0.6483687216857055,0,0.6504553768207366,0,0,0
0,1500,0.21705789053339164,1,0,0,0,0,0.2298365755960024,0,0,0,3950000,0.22322979641918517,0.23395249192492543,0,0.19667881879254695,0,0,0
0,1250,0,1,0,0,0,0,0,0,0,0,4000000,0,0,0,0,0,0,0
0,1500,0,1,0,0,0,0,0,0,0,0,3800000,0,0,0,0,0,0,0
0,1500,0,1,0,0,0,0,0,0,0,0,4250000,0,0,0,0,0,0,0
0,1417,0.3593286070733966,1,0,0,0,0,0.3440720302080601,0,0,0,5950000,0.3678074847597641,0.3387311498137899,0,0.2973650147024479,0,0,0
0,2100,0.33149071073570724,1,0,0,0,0,0.31896957631795936,0,0,0,7600000,0.3690982541018343,0.3369057926189307,0,0.31583746921300443,0,0,0
1,1359,0.49598778490967177,1,0,0,0,1,0.5067331929434841,0,1,0,8500000,0.4336463252999159,0.4665678451696927,0,0.3967204336309912,0,1,1
0,2100,0.4491289681023204,1,0,1,0,1,0.5453023645582562,0,0,0,8000000,0.478737545632169,0.5291908206556696,0,0.5777455632804486,0,0,0
3,3810,0.8556158364021919,0,0,0,0,0,0.8806934198869045,0,0,0,5466000,0.8451390048005112,0.8055958457474657,0,0.8422976864509927,0,1,0
0,1550,0,1,0,0,0,0,0,0,0,0,5219000,0,0,0,0,0,0,0
0,1500,0.3401266228668201,1,0,0,0,0,0.5564459135698088,0,0,0,3550000,0.5961465620725113,0.23923282782932456,0,0.38977896864144623,0,0,0
0,1000,0,0,0,0,0,0,0,0,0,0,2000000,0,0,0,0,0,0,0
0,2178,0.42960649365971215,0,0,0,0,0,0.4417002463239697,0,0,0,2250000,0.40487144394003194,0.3893749037916272,0,0.37715776040987337,0,2,0
0,2100,0.289074006704174,1,0,1,0,1,0.2527858244836698,0,0,0,8000000,0.2822711481826336,0.2803155746092486,0,0.28318517936955817,0,0,0
0,1250,0,1,0,0,0,0,0,0,0,0,3300000,0,0,0,0,0,0,0
0,500,0.364866328654614,0,0,0,0,0,0.32962861183555825,0,0,0,50000000,0.3495967674958058,0.41931961592230027,0,0.35115093864735264,0,2,0
0,6098,0.3458000917650979,0,0,0,0,0,0.346449430699042,0,0,0,6300000,0.3133449763819739,0.360618410223348,0,0.3534440338995546,0,2,0
0,2100,0.92532916876876,1,0,0,0,0,0.9009638644580303,0,0,0,8000000,0.8542771639639999,0.9003939690249887,0,1.001354643690356,0,0,0
0,1500,0,1,0,0,0,0,0,0,0,0,4250000,0,0,0,0,0,0,0
0,1500,0,1,0,0,0,0,0,0,0,0,3800000,0,0,0,0,0,0,0
0,1500,0,1,0,0,0,0,0,0,0,0,4500000,0,0,0,0,0,0,0
0,1250,0,1,0,0,0,0,0,0,0,0,3300000,0,0,0,0,0,0,0
0,2000,0.3401266228668201,1,0,0,0,0,0.5564459135698088,0,0,0,6000000,0.5961465620725113,0.23923282782932456,0,0.38977896864144623,0,0,0
0,1500,0,1,0,0,0,0,0,0,0,0,3800000,0,0,0,0,0,0,0
0,1500,0,1,0,0,0,0,0,0,0,0,4250000,0,0,0,0,0,0,0
0,1500,0.2592198006371711,1,0,0,0,0,0.2573318539788922,0,0,0,3950000,0.26728713832005707,0.30138682298252795,0,0.273971573477378,0,0,0
0,1500,0,1,0,0,0,0,0,0,0,0,4250000,0,0,0,0,0,0,0
0,1500,0,1,0,0,0,0,0.20829682360931473,0,0,0,4250000,0,0.2034971314757698,0,0,0,0,0
6,1300,0.42644793720560437,0,0,0,0,0,0.4796919495775868,0,0,0,4900000,0.4359116206400549,0.4684126665793832,0,0.4889221576893913,0,1,0
0,2100,0.722318816640225,1,0,0,0,0,0.6759544249247429,0,0,0,8000000,0.728412236051722,0.7159551477696197,0,0.7545290675979964,0,0,0
0,1500,0,1,0,0,0,0,0,0,0,0,3550000,0,0,0,0,0,0,0
0,2500,0,1,0,0,0,0,0.16620083086467302,0,0,0,7344000,0,0.18453604413197966,0,0,0,0,0
0,1250,0,1,0,0,0,0,0,0,0,0,3000000,0,0,0,0,0,0,0
0,99,0.4364576197072823,0,0,0,0,0,0.5185108102178179,0,0,0,800000,0.40426817239495727,0.438515500499317,0,0.404674973882053,0,2,0
0,1250,0,1,0,0,0,0,0,0,0,0,4050000,0,0,0,0,0,0,0
0,1500,0.22977026750185284,1,0,0,0,0,0.26886218976580123,0,0,0,3950000,0.22935830866565682,0.24169111406968125,0,0.31824646735509526,0,0,0
0,1250,0,1,0,0,0,0,0,0,0,0,3300000,0,0,0,0,0,0,0
0,2100,0.6825897031222594,1,0,0,0,0,0.8172693937008984,0,0,0,8500000,0.7600544234790985,0.8090932231910495,0,0.6871004237800592,0,0,0
0,1650,0,0,0,0,0,0,0,0,0,0,5000000,0,0,0,0,0,0,0
0,1500,0,1,0,0,0,0,0,0,0,0,4250000,0,0,0,0,0,0,0
0,1250,0,1,0,0,0,0,0,0,0,0,3750000,0,0,0,0,0,0,0
0,2100,0.92532916876876,1,0,1,0,1,0.9009638644580303,0,0,0,8000000,0.8542771639639999,0.9003939690249887,0,1.001354643690356,0,0,0
0,1500,0.92532916876876,1,0,0,0,0,0.9009638644580303,0,0,0,5000000,0.8542771639639999,0.9003939690249887,0,1.001354643690356,0,0,0
0,2100,0.722318816640225,1,0,1,0,1,0.6759544249247429,0,0,0,8000000,0.728412236051722,0.7159551477696197,0,0.7545290675979964,0,0,0
0,1500,0,1,0,0,0,0,0,0,0,0,4250000,0,0,0,0,0,0,0
0,1250,0,1,0,0,0,0,0,0,0,0,3300000,0,0,0,0,0,0,0
0,1500,0,0,0,0,0,0,0,0,0,0,4500000,0,0,0,0,0,0,0
0,1250,0.2523898736021136,1,0,0,0,0,0.24554359079892435,0,0,0,3950000,0.2863051246376919,0.26069813673734177,0,0.2204652346147583,0,0,0
0,2500,0.6137641779088492,0,0,0,0,0,0.6456298691406334,0,0,0,8000000,0.6242365922516401,0.6483687216857055,0,0.6504553768207366,0,1,0
0,1500,0,1,0,0,0,0,0,0,0,0,4250000,0,0,0,0,0,0,0
0,2100,0.289074006704174,1,0,0,0,0,0.2527858244836698,0,0,0,8000000,0.2822711481826336,0.2803155746092486,0,0.28318517936955817,0,0,0
0,2100,0.722318816640225,1,0,0,0,0,0.6759544249247429,0,0,0,8500000,0.728412236051722,0.7159551477696197,0,0.7545290675979964,0,0,0
0,1250,0,1,0,0,0,0,0,0,0,0,3300000,0,0,0,0,0,0,0
0,1800,0.24662528620527316,0,0,0,0,0,0.28113318706568236,0,0,0,4800000,0.24780725211877994,0.23624613542374162,0,0.23033583516674946,0,0,0
0,1000,0.2939350719481758,1,0,0,0,0,0.3177038540233048,0,0,0,4000000,0.2829481959379343,0.31645652525904294,0,0.2785449977625244,0,0,0
0,1250,0.30392291554714623,1,0,0,0,0,0.3195185093725223,0,0,0,4000000,0.3118178413001956,0.27968833138591914,0,0.28513073239615905,0,0,0
0,1500,0.8782551743169534,1,0,0,0,0,0.23284148114223718,0,0,0,3950000,0.5151961519359208,0.3163184023281781,0,0.4973647713029686,0,0,0
0,2100,0.24662528620527316,1,0,1,0,1,0.28113318706568236,0,0,0,8000000,0.24780725211877994,0.23624613542374162,0,0.23033583516674946,0,0,0
0,2100,0.24662528620527316,1,0,0,0,0,0.28113318706568236,0,0,0,8000000,0.24780725211877994,0.23624613542374162,0,0.23033583516674946,0,0,0
0,1500,0.2592198006371711,1,0,0,0,0,0.2573318539788922,0,0,0,3950000,0.26728713832005707,0.30138682298252795,0,0.273971573477378,0,0,0
0,2100,0.24662528620527316,1,0,0,0,0,0.28113318706568236,0,0,0,8000000,0.24780725211877994,0.23624613542374162,0,0.23033583516674946,0,0,0
0,2100,0.6251502222378932,1,0,0,0,0,0.6081778903045033,0,0,0,8000000,0.642025578738088,0.614316065860142,0,0.6299521858843958,0,0,0